delete from tomato_sys_user;
delete from tomato_sys_role;
delete from tomato_sys_authority;
delete from tomato_sys_user_role;
delete from tomato_sys_role_authority;
delete from tomato_sys_user_region;

INSERT INTO tomato_sys_user (id, sys_user_code, sys_user_pwd, sys_user_name, sex, phone, mobile, email, status, create_user_code, create_time, update_user_code, update_time, last_lended_time, rmk, token) VALUES (8, '番茄君', 'ed9b2e73f36f20056569b0ad116a26e7a48cf2b0', '番茄君', '1', '', NULL, NULL, '1', 'root', '2013-01-16 15:20:00', 'root', '2013-01-16 15:20:00', '2014-02-12 13:31:41.274', '', NULL);
INSERT INTO tomato_sys_user (id, sys_user_code, sys_user_pwd, sys_user_name, sex, phone, mobile, email, status, create_user_code, create_time, update_user_code, update_time, last_lended_time, rmk, token) VALUES (7, '番茄门', '552a9c0a7dc62dc6b160707cea5add52e62e42b6', '番茄门', '1', '', NULL, NULL, '1', 'root', '2013-01-16 15:20:00', 'root', '2013-01-16 15:20:00', '2014-02-08 18:30:53.41', '', '913e52e0bfac1ad091f1de5a9f9278b8a7e5555ac91a6f37f0213527a6f07f99');
INSERT INTO tomato_sys_user (id, sys_user_code, sys_user_pwd, sys_user_name, sex, phone, mobile, email, status, create_user_code, create_time, update_user_code, update_time, last_lended_time, rmk, token) VALUES (10, '番茄桐', '4d2cbfdb96a65f093cd33080ebde61fabe07b224', '番茄桐', '1', '', NULL, NULL, '1', 'root', '2013-01-16 15:20:00', 'root', '2013-01-16 15:20:00', '2014-02-11 15:02:56.494', '', 'a93491b00caa6906f6a7564412a87c8d8a9fa207949956db0aaa9ec1f653a4b4');
INSERT INTO tomato_sys_user (id, sys_user_code, sys_user_pwd, sys_user_name, sex, phone, mobile, email, status, create_user_code, create_time, update_user_code, update_time, last_lended_time, rmk, token) VALUES (9, '番茄蛋', '6d9def79f94300e384750caf18b04e044c624d96', '番茄蛋', '1', '', NULL, NULL, '1', 'root', '2013-01-16 15:20:00', 'root', '2013-01-16 15:20:00', '2014-02-13 11:45:51.645', '', '0671f362a4d6ecdc68d50000fdef5c96edfd46919b08d4257bfdfd09aeaa361d');
INSERT INTO tomato_sys_user (id, sys_user_code, sys_user_pwd, sys_user_name, sex, phone, mobile, email, status, create_user_code, create_time, update_user_code, update_time, last_lended_time, rmk, token) VALUES (2, 'fanqie', '3992d13d7424da77999157b3679afa2412ee3911', '测试账号', '1', '', NULL, NULL, '1', 'root', '2013-01-16 15:20:00', 'root', '2013-01-16 15:20:00', '2014-02-19 11:44:28.588', '', '913e52e0bfac1ad091f1de5a9f9278b8a7e5555ac91a6f37f0213527a6f07f99');
INSERT INTO tomato_sys_user (id, sys_user_code, sys_user_pwd, sys_user_name, sex, phone, mobile, email, status, create_user_code, create_time, update_user_code, update_time, last_lended_time, rmk, token) VALUES (3, '番茄林', 'eb074b858b32106928ddf7e098823b4ce66f3dbb', '番茄林', '1', '', NULL, NULL, '1', 'root', '2013-01-16 15:20:00', 'root', '2013-01-16 15:20:00', '2014-02-19 11:45:15.415', '', NULL);
INSERT INTO tomato_sys_user (id, sys_user_code, sys_user_pwd, sys_user_name, sex, phone, mobile, email, status, create_user_code, create_time, update_user_code, update_time, last_lended_time, rmk, token) VALUES (1, 'root', '58bad936a45d8099597d70ff49b462d676db21aa', ' 超级管理员', '1', '13888888888', '13888888888', 'mw312@163.com', '1', '1', NULL, 'root', '2014-02-19 11:10:57.162', '2014-02-19 11:45:31.023', '1', NULL);
INSERT INTO tomato_sys_user (id, sys_user_code, sys_user_pwd, sys_user_name, sex, phone, mobile, email, status, create_user_code, create_time, update_user_code, update_time, last_lended_time, rmk, token) VALUES (5, '番茄熊', '30c4da012c7df806b840a92984443608b06f8d7e', '番茄熊', '1', '', NULL, NULL, '1', 'root', '2013-01-16 15:20:00', 'root', '2013-01-16 15:20:00', '2014-02-11 15:41:25.038', '', NULL);
INSERT INTO tomato_sys_user (id, sys_user_code, sys_user_pwd, sys_user_name, sex, phone, mobile, email, status, create_user_code, create_time, update_user_code, update_time, last_lended_time, rmk, token) VALUES (4, '番茄猫', 'fc5a45b83a2f1fc6a11fab2874ddf3f563ff159c', '番茄猫', '1', '', NULL, NULL, '1', 'root', '2013-01-16 15:20:00', 'root', '2013-01-16 15:20:00', '2014-02-13 11:54:23.348', '', 'b8349aa7f819411a1e274a297c8c9f51e402d4270f3abfe9e4f88de0c829fe2b');
INSERT INTO tomato_sys_user (id, sys_user_code, sys_user_pwd, sys_user_name, sex, phone, mobile, email, status, create_user_code, create_time, update_user_code, update_time, last_lended_time, rmk, token) VALUES (6, '番茄玉', '987f377c8eb35db43a72eb19551d801ff0a0000f', '番茄玉', '1', '', NULL, NULL, '1', 'root', '2013-01-16 15:20:00', 'root', '2013-01-16 15:20:00', '2014-02-12 22:14:30.924', '', 'cea4fc49f0f266a113be4574068bdb0d4d28d2b180e69325441e3085b05fa4d2');


INSERT INTO tomato_sys_role (id, sys_role_code, sys_role_name, parent_id, status, create_user_code, create_time, update_user_code, update_time, rmk) VALUES (1, 'super_department', '番茄来了科技有限公司', 0, '1', 'root', '2014-02-17 18:12:13.327', 'root', '2014-02-17 18:12:13.327', NULL);
INSERT INTO tomato_sys_role (id, sys_role_code, sys_role_name, parent_id, status, create_user_code, create_time, update_user_code, update_time, rmk) VALUES (2, NULL, '技术部', 1, '1', 'root', '2014-02-19 11:34:32.315', 'root', '2014-02-19 11:34:32.315', '技术大牛们');
INSERT INTO tomato_sys_role (id, sys_role_code, sys_role_name, parent_id, status, create_user_code, create_time, update_user_code, update_time, rmk) VALUES (3, NULL, '市场部', 1, '1', 'root', '2014-02-19 11:36:13.209', 'root', '2014-02-19 11:36:13.209', '融资吧');


INSERT INTO tomato_sys_authority (id, sys_authority_code, sys_authority_name, status, create_user_code, create_time, update_user_code, update_time, rmk) VALUES (1, 'wait_operate', '今日代办', '1', 'root', '2014-02-18 00:00:00', NULL, NULL, NULL);
INSERT INTO tomato_sys_authority (id, sys_authority_code, sys_authority_name, status, create_user_code, create_time, update_user_code, update_time, rmk) VALUES (2, 'customer_info', '客户资料', '1', 'root', '2014-02-18 00:00:00', NULL, NULL, NULL);
INSERT INTO tomato_sys_authority (id, sys_authority_code, sys_authority_name, status, create_user_code, create_time, update_user_code, update_time, rmk) VALUES (4, 'inn_check', '客栈审核', '1', 'root', '2014-02-18 00:00:00', NULL, NULL, NULL);
INSERT INTO tomato_sys_authority (id, sys_authority_code, sys_authority_name, status, create_user_code, create_time, update_user_code, update_time, rmk) VALUES (3, 'reset_pwd', '重置密码', '1', 'root', '2014-02-18 00:00:00', NULL, NULL, NULL);
INSERT INTO tomato_sys_authority (id, sys_authority_code, sys_authority_name, status, create_user_code, create_time, update_user_code, update_time, rmk) VALUES (5, 'user_manager', '成员管理', '1', 'root', '2014-02-18 00:00:00', NULL, NULL, NULL);
INSERT INTO tomato_sys_authority (id, sys_authority_code, sys_authority_name, status, create_user_code, create_time, update_user_code, update_time, rmk) VALUES (6, 'role_manager', '部门管理', '1', 'root', '2014-02-18 00:00:00', NULL, NULL, NULL);
INSERT INTO tomato_sys_authority (id, sys_authority_code, sys_authority_name, status, create_user_code, create_time, update_user_code, update_time, rmk) VALUES (8, 'active_report', '活跃报表', '1', 'root', '2014-02-18 00:00:00', NULL, NULL, NULL);
INSERT INTO tomato_sys_authority (id, sys_authority_code, sys_authority_name, status, create_user_code, create_time, update_user_code, update_time, rmk) VALUES (7, 'inn_notice', '客栈通知', '1', 'root', '2014-02-18 00:00:00', NULL, NULL, NULL);
INSERT INTO tomato_sys_authority (id, sys_authority_code, sys_authority_name, status, create_user_code, create_time, update_user_code, update_time, rmk) VALUES (9, 'region_back', '地区后台', '1', 'root', '2014-02-18 00:00:00', NULL, NULL, NULL);
INSERT INTO tomato_sys_authority (id, sys_authority_code, sys_authority_name, status, create_user_code, create_time, update_user_code, update_time, rmk) VALUES (10, 'check_cash', '小站对账', '1', 'root', '2014-02-18 00:00:00', NULL, NULL, NULL);
INSERT INTO tomato_sys_authority (id, sys_authority_code, sys_authority_name, status, create_user_code, create_time, update_user_code, update_time, rmk) VALUES (11, 'api_sale_manager', '代销管理', '1', 'root', '2014-02-18 00:00:00', NULL, NULL, NULL);
INSERT INTO tomato_sys_authority (id, sys_authority_code, sys_authority_name, status, create_user_code, create_time, update_user_code, update_time, rmk) VALUES (12, 'article_manager', '文章管理', '1', 'root', '2014-02-18 00:00:00', NULL, NULL, NULL);


INSERT INTO tomato_sys_user_role (id, sys_user_id, sys_role_id) VALUES (1, 1, 1);
INSERT INTO tomato_sys_user_role (id, sys_user_id, sys_role_id) VALUES (2, 2, 2);
INSERT INTO tomato_sys_user_role (id, sys_user_id, sys_role_id) VALUES (3, 3, 3);
INSERT INTO tomato_sys_user_role (id, sys_user_id, sys_role_id) VALUES (4, 4, 3);
INSERT INTO tomato_sys_user_role (id, sys_user_id, sys_role_id) VALUES (5, 5, 3);
INSERT INTO tomato_sys_user_role (id, sys_user_id, sys_role_id) VALUES (6, 6, 3);
INSERT INTO tomato_sys_user_role (id, sys_user_id, sys_role_id) VALUES (7, 7, 3);
INSERT INTO tomato_sys_user_role (id, sys_user_id, sys_role_id) VALUES (8, 8, 3);
INSERT INTO tomato_sys_user_role (id, sys_user_id, sys_role_id) VALUES (9, 9, 3);
INSERT INTO tomato_sys_user_role (id, sys_user_id, sys_role_id) VALUES (10, 10, 3);


INSERT INTO tomato_sys_role_authority (id, sys_role_id, sys_authority_id) VALUES (1, 1, 1);
INSERT INTO tomato_sys_role_authority (id, sys_role_id, sys_authority_id) VALUES (2, 1, 2);
INSERT INTO tomato_sys_role_authority (id, sys_role_id, sys_authority_id) VALUES (3, 1, 3);
INSERT INTO tomato_sys_role_authority (id, sys_role_id, sys_authority_id) VALUES (4, 1, 4);
INSERT INTO tomato_sys_role_authority (id, sys_role_id, sys_authority_id) VALUES (5, 1, 5);
INSERT INTO tomato_sys_role_authority (id, sys_role_id, sys_authority_id) VALUES (6, 1, 6);
INSERT INTO tomato_sys_role_authority (id, sys_role_id, sys_authority_id) VALUES (7, 1, 7);
INSERT INTO tomato_sys_role_authority (id, sys_role_id, sys_authority_id) VALUES (8, 1, 8);
INSERT INTO tomato_sys_role_authority (id, sys_role_id, sys_authority_id) VALUES (9, 1, 9);
INSERT INTO tomato_sys_role_authority (id, sys_role_id, sys_authority_id) VALUES (10, 2, 3);
INSERT INTO tomato_sys_role_authority (id, sys_role_id, sys_authority_id) VALUES (11, 2, 4);
INSERT INTO tomato_sys_role_authority (id, sys_role_id, sys_authority_id) VALUES (12, 2, 5);
INSERT INTO tomato_sys_role_authority (id, sys_role_id, sys_authority_id) VALUES (13, 2, 6);
INSERT INTO tomato_sys_role_authority (id, sys_role_id, sys_authority_id) VALUES (14, 3, 1);
INSERT INTO tomato_sys_role_authority (id, sys_role_id, sys_authority_id) VALUES (15, 3, 2);
INSERT INTO tomato_sys_role_authority (id, sys_role_id, sys_authority_id) VALUES (16, 3, 3);
INSERT INTO tomato_sys_role_authority (id, sys_role_id, sys_authority_id) VALUES (17, 3, 4);
INSERT INTO tomato_sys_role_authority (id, sys_role_id, sys_authority_id) VALUES (18, 3, 7);
INSERT INTO tomato_sys_role_authority (id, sys_role_id, sys_authority_id) VALUES (19, 3, 8);
INSERT INTO tomato_sys_role_authority (id, sys_role_id, sys_authority_id) VALUES (20, 1, 10);
INSERT INTO tomato_sys_role_authority (id, sys_role_id, sys_authority_id) VALUES (21, 2, 10);
INSERT INTO tomato_sys_role_authority (id, sys_role_id, sys_authority_id) VALUES (22, 3, 10);

INSERT INTO tomato_sys_user_region (id, sys_user_id, inn_region_id) VALUES (1, 1, 1);
INSERT INTO tomato_sys_user_region (id, sys_user_id, inn_region_id) VALUES (2, 1, 2);
INSERT INTO tomato_sys_user_region (id, sys_user_id, inn_region_id) VALUES (3, 1, 3);
INSERT INTO tomato_sys_user_region (id, sys_user_id, inn_region_id) VALUES (4, 1, 4);
INSERT INTO tomato_sys_user_region (id, sys_user_id, inn_region_id) VALUES (5, 1, 5);
INSERT INTO tomato_sys_user_region (id, sys_user_id, inn_region_id) VALUES (6, 1, 6);
INSERT INTO tomato_sys_user_region (id, sys_user_id, inn_region_id) VALUES (7, 1, 7);
INSERT INTO tomato_sys_user_region (id, sys_user_id, inn_region_id) VALUES (8, 1, 8);
INSERT INTO tomato_sys_user_region (id, sys_user_id, inn_region_id) VALUES (9, 1, 9);
INSERT INTO tomato_sys_user_region (id, sys_user_id, inn_region_id) VALUES (10, 1, 10);
INSERT INTO tomato_sys_user_region (id, sys_user_id, inn_region_id) VALUES (11, 1, 11);
INSERT INTO tomato_sys_user_region (id, sys_user_id, inn_region_id) VALUES (12, 1, 12);
INSERT INTO tomato_sys_user_region (id, sys_user_id, inn_region_id) VALUES (14, 1, 14);
INSERT INTO tomato_sys_user_region (id, sys_user_id, inn_region_id) VALUES (13, 1, 13);
INSERT INTO tomato_sys_user_region (id, sys_user_id, inn_region_id) VALUES (15, 1, 15);
INSERT INTO tomato_sys_user_region (id, sys_user_id, inn_region_id) VALUES (16, 1, 16);
INSERT INTO tomato_sys_user_region (id, sys_user_id, inn_region_id) VALUES (17, 1, 17);
INSERT INTO tomato_sys_user_region (id, sys_user_id, inn_region_id) VALUES (18, 1, 18);
INSERT INTO tomato_sys_user_region (id, sys_user_id, inn_region_id) VALUES (19, 1, 19);
INSERT INTO tomato_sys_user_region (id, sys_user_id, inn_region_id) VALUES (20, 1, 20);
INSERT INTO tomato_sys_user_region (id, sys_user_id, inn_region_id) VALUES (21, 1, 21);
INSERT INTO tomato_sys_user_region (id, sys_user_id, inn_region_id) VALUES (22, 1, 22);
INSERT INTO tomato_sys_user_region (id, sys_user_id, inn_region_id) VALUES (23, 1, 23);
INSERT INTO tomato_sys_user_region (id, sys_user_id, inn_region_id) VALUES (24, 1, 24);
INSERT INTO tomato_sys_user_region (id, sys_user_id, inn_region_id) VALUES (25, 1, 25);
INSERT INTO tomato_sys_user_region (id, sys_user_id, inn_region_id) VALUES (26, 1, 26);
INSERT INTO tomato_sys_user_region (id, sys_user_id, inn_region_id) VALUES (27, 1, 27);
INSERT INTO tomato_sys_user_region (id, sys_user_id, inn_region_id) VALUES (28, 1, 28);
INSERT INTO tomato_sys_user_region (id, sys_user_id, inn_region_id) VALUES (29, 1, 29);
INSERT INTO tomato_sys_user_region (id, sys_user_id, inn_region_id) VALUES (30, 1, 30);
INSERT INTO tomato_sys_user_region (id, sys_user_id, inn_region_id) VALUES (31, 1, 31);
